{
    "name": "root",
    "gauges": {
        "AvoidObstacles.Policy.Entropy.mean": {
            "value": 0.7112553119659424,
            "min": 0.7112553119659424,
            "max": 1.3119810819625854,
            "count": 63
        },
        "AvoidObstacles.Policy.Entropy.sum": {
            "value": 35513.6875,
            "min": 35513.6875,
            "max": 65344.32421875,
            "count": 63
        },
        "AvoidObstacles.Step.mean": {
            "value": 3599979.0,
            "min": 499993.0,
            "max": 3599979.0,
            "count": 63
        },
        "AvoidObstacles.Step.sum": {
            "value": 3599979.0,
            "min": 499993.0,
            "max": 3599979.0,
            "count": 63
        },
        "AvoidObstacles.Policy.ExtrinsicValueEstimate.mean": {
            "value": 4.790927410125732,
            "min": 3.3966903686523438,
            "max": 4.986375331878662,
            "count": 63
        },
        "AvoidObstacles.Policy.ExtrinsicValueEstimate.sum": {
            "value": 4000.42431640625,
            "min": 2826.04638671875,
            "max": 4133.705078125,
            "count": 63
        },
        "AvoidObstacles.Environment.EpisodeLength.mean": {
            "value": 405.6311475409836,
            "min": 361.59124087591243,
            "max": 499.92857142857144,
            "count": 63
        },
        "AvoidObstacles.Environment.EpisodeLength.sum": {
            "value": 49487.0,
            "min": 47735.0,
            "max": 51425.0,
            "count": 63
        },
        "AvoidObstacles.Environment.CumulativeReward.mean": {
            "value": 22.690998448082052,
            "min": 16.666030096015927,
            "max": 28.392729225209916,
            "count": 63
        },
        "AvoidObstacles.Environment.CumulativeReward.sum": {
            "value": 2745.6108122179285,
            "min": 2242.756426639855,
            "max": 2954.311821259558,
            "count": 63
        },
        "AvoidObstacles.Policy.ExtrinsicReward.mean": {
            "value": 22.690998448082052,
            "min": 16.666030096015927,
            "max": 28.392729225209916,
            "count": 63
        },
        "AvoidObstacles.Policy.ExtrinsicReward.sum": {
            "value": 2745.6108122179285,
            "min": 2242.756426639855,
            "max": 2954.311821259558,
            "count": 63
        },
        "AvoidObstacles.Losses.PolicyLoss.mean": {
            "value": 0.023058888018131253,
            "min": 0.018856652518734335,
            "max": 0.027620070168438055,
            "count": 63
        },
        "AvoidObstacles.Losses.PolicyLoss.sum": {
            "value": 0.11529444009065627,
            "min": 0.08005930615278582,
            "max": 0.13810035084219027,
            "count": 63
        },
        "AvoidObstacles.Losses.ValueLoss.mean": {
            "value": 0.3033774501085281,
            "min": 0.13692541134854158,
            "max": 0.31316430916388827,
            "count": 63
        },
        "AvoidObstacles.Losses.ValueLoss.sum": {
            "value": 1.5168872505426407,
            "min": 0.5477016453941663,
            "max": 1.5658215458194413,
            "count": 63
        },
        "AvoidObstacles.Policy.LearningRate.mean": {
            "value": 0.00027855316794894643,
            "min": 0.00027855316794894643,
            "max": 0.00029714147495284193,
            "count": 63
        },
        "AvoidObstacles.Policy.LearningRate.sum": {
            "value": 0.001392765839744732,
            "min": 0.001117785699404776,
            "max": 0.0014843191792269419,
            "count": 63
        },
        "AvoidObstacles.Policy.Epsilon.mean": {
            "value": 0.19285105360000004,
            "min": 0.19285105360000004,
            "max": 0.199047158,
            "count": 63
        },
        "AvoidObstacles.Policy.Epsilon.sum": {
            "value": 0.9642552680000003,
            "min": 0.7725952239999998,
            "max": 0.994773058,
            "count": 63
        },
        "AvoidObstacles.Policy.Beta.mean": {
            "value": 0.00464326757464,
            "min": 0.00464326757464,
            "max": 0.004952453184200001,
            "count": 63
        },
        "AvoidObstacles.Policy.Beta.sum": {
            "value": 0.0232163378732,
            "min": 0.0186325016776,
            "max": 0.0247391755942,
            "count": 63
        },
        "AvoidObstacles.IsTraining.mean": {
            "value": 1.0,
            "min": 1.0,
            "max": 1.0,
            "count": 63
        },
        "AvoidObstacles.IsTraining.sum": {
            "value": 1.0,
            "min": 1.0,
            "max": 1.0,
            "count": 63
        }
    },
    "metadata": {
        "timer_format_version": "0.1.0",
        "start_time_seconds": "1620477921",
        "python_version": "3.9.4 (tags/v3.9.4:1f2e308, Apr  4 2021, 13:27:16) [MSC v.1928 64 bit (AMD64)]",
        "command_line_arguments": "D:\\PROJECTS\\Machine Learning Example\\venv\\Scripts\\mlagents-learn results/RetroTestFinalLast/configuration.yaml --resume",
        "mlagents_version": "0.26.0",
        "mlagents_envs_version": "0.26.0",
        "communication_protocol_version": "1.5.0",
        "pytorch_version": "1.8.1+cu111",
        "numpy_version": "1.20.2",
        "end_time_seconds": "1620493625"
    },
    "total": 15703.7854878,
    "count": 1,
    "self": 0.013427499998215353,
    "children": {
        "run_training.setup": {
            "total": 0.21569860000000007,
            "count": 1,
            "self": 0.21569860000000007
        },
        "TrainerController.start_learning": {
            "total": 15703.5563617,
            "count": 1,
            "self": 19.446765800408684,
            "children": {
                "TrainerController._reset_env": {
                    "total": 33.3733662,
                    "count": 1,
                    "self": 33.3733662
                },
                "TrainerController.advance": {
                    "total": 15650.574718499594,
                    "count": 450663,
                    "self": 19.995668299417957,
                    "children": {
                        "env_step": {
                            "total": 13692.613204199608,
                            "count": 450663,
                            "self": 12034.722170398682,
                            "children": {
                                "SubprocessEnvManager._take_step": {
                                    "total": 1644.2827886008997,
                                    "count": 450663,
                                    "self": 68.05677550109704,
                                    "children": {
                                        "TorchPolicy.evaluate": {
                                            "total": 1576.2260130998027,
                                            "count": 450663,
                                            "self": 662.5731938997903,
                                            "children": {
                                                "TorchPolicy.sample_actions": {
                                                    "total": 913.6528192000123,
                                                    "count": 450663,
                                                    "self": 913.6528192000123
                                                }
                                            }
                                        }
                                    }
                                },
                                "workers": {
                                    "total": 13.60824520002727,
                                    "count": 450663,
                                    "self": 0.0,
                                    "children": {
                                        "worker_root": {
                                            "total": 15659.422672299379,