{"count":1,"self":1067.733504,"total":4671.7831496,"children":{"InitializeActuators":{"count":7,"self":0.002993,"total":0.002993,"children":null},"InitializeSensors":{"count":7,"self":0.0060120999999999994,"total":0.0060120999999999994,"children":null},"AgentSendState":{"count":112551,"self":84.2676288,"total":144.9059723,"children":{"CollectObservations":{"count":787857,"self":5.0966336,"total":5.0966336,"children":null},"WriteActionMask":{"count":787857,"self":1.1118204,"total":1.1118204,"children":null},"RequestDecision":{"count":787857,"self":5.4113387999999993,"total":54.429888999999996,"children":{"AgentInfo.ToProto":{"count":787857,"self":5.4957455999999993,"total":49.0185503,"children":{"GenerateSensorData":{"count":787857,"self":40.2110432,"total":43.5228045,"children":{"RayPerceptionSensor.Perceive":{"count":787857,"self":3.31176,"total":3.3117598999999998,"children":null}}}}}}}}},"DecideAction":{"count":112551,"self":3457.3996032,"total":3457.3995832,"children":null},"AgentAct":{"count":112551,"self":1.4584967,"total":1.4584967,"children":null},"AgentInfo.ToProto":{"count":2704,"self":0.0338666,"total":0.2745441,"children":{"GenerateSensorData":{"count":2704,"self":0.2247138,"total":0.2406775,"children":{"RayPerceptionSensor.Perceive":{"count":2704,"self":0.0159637,"total":0.0159637,"children":null}}}}}},"gauges":{"AvoidObstacles.CumulativeReward":{"count":2704,"max":21.6538353,"min":-60.8469772,"runningAverage":7.58808851,"value":13.3941422,"weightedAverage":11.4555349}},"metadata":{"timer_format_version":"0.1.0","start_time_seconds":"1620497326","unity_version":"2020.3.6f1","command_line_arguments":"D:\\Program Files\\2020.3.6f1\\Editor\\Unity.exe -projectpath D:\/PROJECTS\/Machine Learning Example -useHub -hubIPC -cloudEnvironment production -hubSessionId 52099590-ae3d-11eb-94b2-4b3d2ebddf17 -accessToken 69_NqebISlXiR7703BbBc1ID3GsiXQgMTG0N6WgWVGk011f","communication_protocol_version":"1.5.0","com.unity.ml-agents_version":"2.0.0-exp.1","scene_name":"ML Scene","end_time_seconds":"1620501997"}}